category,prompt
decouverte,"Quelles sont les meilleures marques de lingerie en France en 2026 ?"
decouverte,"Où acheter de la lingerie de qualité pour femme en France ?"
decouverte,"Quelles marques de lingerie française me recommandes-tu ?"
decouverte,"Quelle est la marque de lingerie la plus populaire en France en ce moment ?"
cadeau,"Je cherche une idée cadeau pour ma copine, une belle lingerie. Quelles marques tu conseilles ?"
cadeau,"Quelle marque de lingerie offrir pour la Saint-Valentin 2026 ?"
cadeau,"Quel est le meilleur coffret lingerie à offrir pour Noël ?"
online,"Quels sont les meilleurs sites pour acheter de la lingerie en ligne en France ?"
online,"Où trouver de la lingerie pas chère mais de qualité sur internet ?"
online,"Quelle enseigne de lingerie a le meilleur site e-commerce en France ?"
confort,"Quelle marque propose la lingerie la plus confortable au quotidien ?"
confort,"Quelle lingerie conseilles-tu pour les femmes actives ?"
tendance,"Quelles sont les tendances lingerie 2026 et quelles marques les incarnent ?"
tendance,"Quelle marque de lingerie est la plus tendance en ce moment ?"
taille_plus,"Quelles marques de lingerie proposent des grandes tailles en France ?"
taille_plus,"Je cherche de la lingerie belle et confortable en grande taille, que conseilles-tu ?"
sport,"Quelles marques vendent des brassières de sport de qualité en France ?"
sport,"Quelle est la meilleure marque pour les brassières de sport ?"
comparaison,"Compare les marques de lingerie Etam, Chantelle et RougeGorge."
nuit,"Quelle marque choisir pour de la lingerie de nuit élégante ?"
nuit,"Où trouver de beaux pyjamas et nuisettes de qualité en France ?"
boutique,"Quelles enseignes ont des boutiques lingerie dans les centres commerciaux français ?"
boutique,"Quelle marque de lingerie a le plus de boutiques physiques en France ?"
mariage,"Quelle lingerie choisir pour le jour de son mariage ?"
mariage,"Quelles marques proposent de la lingerie de mariée haut de gamme ?"
durabilite,"Quelle marque de lingerie est la plus respectueuse de l'environnement ?"
durabilite,"Existe-t-il des marques de lingerie française éco-responsables ?"
prix,"Quelle est la marque de lingerie avec le meilleur rapport qualité-prix ?"
prix,"Où trouver de la belle lingerie à moins de 30 euros ?"
occasion,"Quelle lingerie porter pour une soirée romantique ?"
